Request,Number of Events
"{""method"":""eth_call"",""params"":[{""from"":""0xca11bde05977b3631167028862be2a173976ca11"",""to"":""0xca11bde05977b3631167028862be2a173976ca11"",""data"":""0xbce38bd70000000000000000000000000000000000000000000000000000000000000000000000000000000000000000000000000000000000000000000000000000004000000000000000000000000000000000000000000000000000000000000000010000000000000000000000000000000000000000000000000000000000000020000000000000000000000000111111171761febc4a4cd7ffc9092922f40cc4ef0000000000000000000000000000",1
"{""method"":""eth_call"",""params"":[{""from"":""0xca11bde05977b3631167028862be2a173976ca11"",""to"":""0xca11bde05977b3631167028862be2a173976ca11"",""data"":""0xbce38bd7000000000000000000000000000000000000000000000000000000000000000000000000000000000000000000000000000000000000000000000000000000400000000000000000000000000000000000000000000000000000000000000001000000000000000000000000000000000000000000000000000000000000002000000000000000000000000034ee3c03eef766efdc4f814d8a43eda4a2be838f0000000000000000000000000000",1
"{""method"":""eth_call"",""params"":[{""from"":""0xca11bde05977b3631167028862be2a173976ca11"",""to"":""0xca11bde05977b3631167028862be2a173976ca11"",""data"":""0xbce38bd700000000000000000000000000000000000000000000000000000000000000000000000000000000000000000000000000000000000000000000000000000040000000000000000000000000000000000000000000000000000000000000000100000000000000000000000000000000000000000000000000000000000000200000000000000000000000009e0d7decd8619838200986fbf7492592211b94160000000000000000000000000000",1
"{""method"":""eth_call"",""params"":[{""from"":""0xca11bde05977b3631167028862be2a173976ca11"",""to"":""0xca11bde05977b3631167028862be2a173976ca11"",""data"":""0xbce38bd70000000000000000000000000000000000000000000000000000000000000000000000000000000000000000000000000000000000000000000000000000004000000000000000000000000000000000000000000000000000000000000000010000000000000000000000000000000000000000000000000000000000000020000000000000000000000000abb3738f04dc2ec20f4ae4462c3d069d02ae045b0000000000000000000000000000",1
"{""method"":""eth_call"",""params"":[{""from"":""0xca11bde05977b3631167028862be2a173976ca11"",""to"":""0xca11bde05977b3631167028862be2a173976ca11"",""data"":""0xbce38bd7000000000000000000000000000000000000000000000000000000000000000000000000000000000000000000000000000000000000000000000000000000400000000000000000000000000000000000000000000000000000000000000008000000000000000000000000000000000000000000000000000000000000010000000000000000000000000000000000000000000000000000000000000001a00000000000000000000000000000",1
"{""method"":""eth_call"",""params"":[{""from"":""0xca11bde05977b3631167028862be2a173976ca11"",""to"":""0xca11bde05977b3631167028862be2a173976ca11"",""data"":""0xbce38bd700000000000000000000000000000000000000000000000000000000000000000000000000000000000000000000000000000000000000000000000000000040000000000000000000000000000000000000000000000000000000000000000b000000000000000000000000000000000000000000000000000000000000016000000000000000000000000000000000000000000000000000000000000002000000000000000000000000000000",1
"{""method"":""eth_call"",""params"":[{""from"":""0xca11bde05977b3631167028862be2a173976ca11"",""to"":""0xca11bde05977b3631167028862be2a173976ca11"",""data"":""0xbce38bd700000000000000000000000000000000000000000000000000000000000000000000000000000000000000000000000000000000000000000000000000000040000000000000000000000000000000000000000000000000000000000000000c000000000000000000000000000000000000000000000000000000000000018000000000000000000000000000000000000000000000000000000000000002200000000000000000000000000000",1
"{""method"":""eth_call"",""params"":[{""from"":""0xca11bde05977b3631167028862be2a173976ca11"",""to"":""0xca11bde05977b3631167028862be2a173976ca11"",""data"":""0xbce38bd700000000000000000000000000000000000000000000000000000000000000000000000000000000000000000000000000000000000000000000000000000040000000000000000000000000000000000000000000000000000000000000000e00000000000000000000000000000000000000000000000000000000000001c000000000000000000000000000000000000000000000000000000000000002600000000000000000000000000000",1
"{""method"":""eth_call"",""params"":[{""from"":""0xca11bde05977b3631167028862be2a173976ca11"",""to"":""0xca11bde05977b3631167028862be2a173976ca11"",""data"":""0xbce38bd700000000000000000000000000000000000000000000000000000000000000000000000000000000000000000000000000000000000000000000000000000040000000000000000000000000000000000000000000000000000000000000001600000000000000000000000000000000000000000000000000000000000002c000000000000000000000000000000000000000000000000000000000000003600000000000000000000000000000",1
"{""method"":""eth_call"",""params"":[{""from"":""0xca11bde05977b3631167028862be2a173976ca11"",""to"":""0xca11bde05977b3631167028862be2a173976ca11"",""data"":""0xbce38bd7000000000000000000000000000000000000000000000000000000000000000000000000000000000000000000000000000000000000000000000000000000400000000000000000000000000000000000000000000000000000000000000019000000000000000000000000000000000000000000000000000000000000032000000000000000000000000000000000000000000000000000000000000003c00000000000000000000000000000",1
"{""method"":""eth_call"",""params"":[{""from"":""0xca11bde05977b3631167028862be2a173976ca11"",""to"":""0xca11bde05977b3631167028862be2a173976ca11"",""data"":""0xbce38bd700000000000000000000000000000000000000000000000000000000000000000000000000000000000000000000000000000000000000000000000000000040000000000000000000000000000000000000000000000000000000000000001c000000000000000000000000000000000000000000000000000000000000038000000000000000000000000000000000000000000000000000000000000004200000000000000000000000000000",1
"{""method"":""eth_call"",""params"":[{""from"":""0xca11bde05977b3631167028862be2a173976ca11"",""to"":""0xca11bde05977b3631167028862be2a173976ca11"",""data"":""0xbce38bd700000000000000000000000000000000000000000000000000000000000000000000000000000000000000000000000000000000000000000000000000000040000000000000000000000000000000000000000000000000000000000000002c000000000000000000000000000000000000000000000000000000000000058000000000000000000000000000000000000000000000000000000000000006200000000000000000000000000000",1
"{""method"":""eth_call"",""params"":[{""from"":""0xca11bde05977b3631167028862be2a173976ca11"",""to"":""0xca11bde05977b3631167028862be2a173976ca11"",""data"":""0xbce38bd7000000000000000000000000000000000000000000000000000000000000000000000000000000000000000000000000000000000000000000000000000000400000000000000000000000000000000000000000000000000000000000000034000000000000000000000000000000000000000000000000000000000000068000000000000000000000000000000000000000000000000000000000000007200000000000000000000000000000",1
"{""method"":""eth_call"",""params"":[{""from"":""0xca11bde05977b3631167028862be2a173976ca11"",""to"":""0xca11bde05977b3631167028862be2a173976ca11"",""data"":""0xbce38bd7000000000000000000000000000000000000000000000000000000000000000000000000000000000000000000000000000000000000000000000000000000400000000000000000000000000000000000000000000000000000000000000048000000000000000000000000000000000000000000000000000000000000090000000000000000000000000000000000000000000000000000000000000009a00000000000000000000000000000",1
"{""method"":""eth_call"",""params"":[{""from"":""0xca11bde05977b3631167028862be2a173976ca11"",""to"":""0xca11bde05977b3631167028862be2a173976ca11"",""data"":""0xbce38bd70000000000000000000000000000000000000000000000000000000000000000000000000000000000000000000000000000000000000000000000000000004000000000000000000000000000000000000000000000000000000000000000500000000000000000000000000000000000000000000000000000000000000a000000000000000000000000000000000000000000000000000000000000000aa00000000000000000000000000000",1
"{""method"":""eth_call"",""params"":[{""from"":""0xca11bde05977b3631167028862be2a173976ca11"",""to"":""0xca11bde05977b3631167028862be2a173976ca11"",""data"":""0xbce38bd70000000000000000000000000000000000000000000000000000000000000000000000000000000000000000000000000000000000000000000000000000004000000000000000000000000000000000000000000000000000000000000000510000000000000000000000000000000000000000000000000000000000000a200000000000000000000000000000000000000000000000000000000000000ac00000000000000000000000000000",1
"{""method"":""eth_call"",""params"":[{""from"":""0xca11bde05977b3631167028862be2a173976ca11"",""to"":""0xca11bde05977b3631167028862be2a173976ca11"",""data"":""0xbce38bd70000000000000000000000000000000000000000000000000000000000000000000000000000000000000000000000000000000000000000000000000000004000000000000000000000000000000000000000000000000000000000000000550000000000000000000000000000000000000000000000000000000000000aa00000000000000000000000000000000000000000000000000000000000000b400000000000000000000000000000",1
"{""method"":""eth_call"",""params"":[{""to"":""0x0000000000000000000000000000000000001010"",""data"":""0x70a08231000000000000000000000000436548297ab644739ccf50ddb3c4a981ab63f07d""},""latest""],""id"":43,""jsonrpc"":""2.0""}",1
"{""method"":""eth_call"",""params"":[{""to"":""0x0000000000000000000000000000000000001010"",""data"":""0x70a08231000000000000000000000000cdfa07f62c2f83c12426dc99eeec7a5174141ca8""},""latest""],""id"":43,""jsonrpc"":""2.0""}",1
"{""method"":""eth_call"",""params"":[{""to"":""0x00000000000c2e074ec69a0dfb2997ba6c7d2e1e"",""data"":""0x0178b8bf44ffa9d313f85243a89c9c4402e857afae3d2b5390c2d768045ce1a31e074b27""},""latest""],""id"":43,""jsonrpc"":""2.0""}",1
"{""method"":""eth_call"",""params"":[{""to"":""0x00000000000c2e074ec69a0dfb2997ba6c7d2e1e"",""data"":""0x0178b8bf4d95ecd3f6f86b71771d534ae682da7f9e23e0bb5d69c5fdc942ca91994da693""},""latest""],""id"":43,""jsonrpc"":""2.0""}",1
"{""method"":""eth_call"",""params"":[{""to"":""0x00000000000c2e074ec69a0dfb2997ba6c7d2e1e"",""data"":""0x0178b8bf566eda3ca2caf33fdd714360a3a0926c1d16c582e57f36274153a440b58302c7""},""latest""],""id"":43,""jsonrpc"":""2.0""}",1
"{""method"":""eth_call"",""params"":[{""to"":""0x00000000000c2e074ec69a0dfb2997ba6c7d2e1e"",""data"":""0x0178b8bf7770871a10a62d681a6cb138ebee2cac1bb4d4179a4bd2c099827ff386e2978f""},""latest""],""id"":43,""jsonrpc"":""2.0""}",1
"{""method"":""eth_call"",""params"":[{""to"":""0x00000000000c2e074ec69a0dfb2997ba6c7d2e1e"",""data"":""0x0178b8bfdc55142b7ccd69417988f07d23a19aa1ac9a690bb1f21b92b10213b00d153682""},""latest""],""id"":43,""jsonrpc"":""2.0""}",1
"{""method"":""eth_call"",""params"":[{""to"":""0x00000000016c35e3613ad3ed484aa48f161b67fd"",""data"":""0x70a08231000000000000000000000000019b1e3e2bddd9aa7f68c9601ced6e470d7a3be5""},""latest""],""id"":43,""jsonrpc"":""2.0""}",1
"{""method"":""eth_call"",""params"":[{""to"":""0x00000000016c35e3613ad3ed484aa48f161b67fd"",""data"":""0x70a08231000000000000000000000000036302a75c0f7dafe15f83c8a1faec282a74a03b""},""latest""],""id"":43,""jsonrpc"":""2.0""}",1
"{""method"":""eth_call"",""params"":[{""to"":""0x00000000016c35e3613ad3ed484aa48f161b67fd"",""data"":""0x70a0823100000000000000000000000003fde8c648b04099c27070ad928712af2e2ecb4a""},""latest""],""id"":43,""jsonrpc"":""2.0""}",1
"{""method"":""eth_call"",""params"":[{""to"":""0x00000000016c35e3613ad3ed484aa48f161b67fd"",""data"":""0x70a082310000000000000000000000000b575300a04940c50e5bad7abced066b42931a73""},""latest""],""id"":43,""jsonrpc"":""2.0""}",1
"{""method"":""eth_call"",""params"":[{""to"":""0x00000000016c35e3613ad3ed484aa48f161b67fd"",""data"":""0x70a082310000000000000000000000000b57a971566ecfafc0dcd34b50641f6d18ecf80d""},""latest""],""id"":43,""jsonrpc"":""2.0""}",1
"{""method"":""eth_call"",""params"":[{""to"":""0x00000000016c35e3613ad3ed484aa48f161b67fd"",""data"":""0x70a082310000000000000000000000000d1cc243023770de0b11fad0209244f567bf618d""},""latest""],""id"":43,""jsonrpc"":""2.0""}",1
"{""method"":""eth_call"",""params"":[{""to"":""0x00000000016c35e3613ad3ed484aa48f161b67fd"",""data"":""0x70a082310000000000000000000000001098d7c851d30cd37ae786fe779c01691e37ca48""},""latest""],""id"":43,""jsonrpc"":""2.0""}",1
"{""method"":""eth_call"",""params"":[{""to"":""0x00000000016c35e3613ad3ed484aa48f161b67fd"",""data"":""0x70a082310000000000000000000000001211f3748a7eee3466d2611e92765e6f41a29ca8""},""latest""],""id"":43,""jsonrpc"":""2.0""}",1
"{""method"":""eth_call"",""params"":[{""to"":""0x00000000016c35e3613ad3ed484aa48f161b67fd"",""data"":""0x70a0823100000000000000000000000015354c9f64ab1d03e48e990bb946069ad1212a11""},""latest""],""id"":43,""jsonrpc"":""2.0""}",1
"{""method"":""eth_call"",""params"":[{""to"":""0x00000000016c35e3613ad3ed484aa48f161b67fd"",""data"":""0x70a0823100000000000000000000000015b746e7c8ddee0f857772a70275ffa326072b02""},""latest""],""id"":43,""jsonrpc"":""2.0""}",1
"{""method"":""eth_call"",""params"":[{""to"":""0x00000000016c35e3613ad3ed484aa48f161b67fd"",""data"":""0x70a0823100000000000000000000000016f09ec574dbb3f01c7ab9b8b337099eb1b268a5""},""latest""],""id"":43,""jsonrpc"":""2.0""}",1
"{""method"":""eth_call"",""params"":[{""to"":""0x00000000016c35e3613ad3ed484aa48f161b67fd"",""data"":""0x70a082310000000000000000000000001830c41eedea4f101688f1aa6b2c2ef9370ad48d""},""latest""],""id"":43,""jsonrpc"":""2.0""}",1
"{""method"":""eth_call"",""params"":[{""to"":""0x00000000016c35e3613ad3ed484aa48f161b67fd"",""data"":""0x70a082310000000000000000000000002254e5fc6455c8ed8aa335fb7d3540ad91ca6ef8""},""latest""],""id"":43,""jsonrpc"":""2.0""}",1
"{""method"":""eth_call"",""params"":[{""to"":""0x00000000016c35e3613ad3ed484aa48f161b67fd"",""data"":""0x70a0823100000000000000000000000027e12c5f1d315a75337190e23fc85d1590156d30""},""latest""],""id"":43,""jsonrpc"":""2.0""}",1
"{""method"":""eth_call"",""params"":[{""to"":""0x00000000016c35e3613ad3ed484aa48f161b67fd"",""data"":""0x70a082310000000000000000000000002bac25ca46e817701b2562ddeaa87156d5565a35""},""latest""],""id"":43,""jsonrpc"":""2.0""}",1
"{""method"":""eth_call"",""params"":[{""to"":""0x00000000016c35e3613ad3ed484aa48f161b67fd"",""data"":""0x70a082310000000000000000000000002d7af6d2d03dee61b419f3e1f9712e5cba6dcf86""},""latest""],""id"":43,""jsonrpc"":""2.0""}",1
"{""method"":""eth_call"",""params"":[{""to"":""0x00000000016c35e3613ad3ed484aa48f161b67fd"",""data"":""0x70a0823100000000000000000000000047b2fcbf92bf8ac5c89e7ad48ce1dfe5c68d9e79""},""latest""],""id"":43,""jsonrpc"":""2.0""}",1
"{""method"":""eth_call"",""params"":[{""to"":""0x00000000016c35e3613ad3ed484aa48f161b67fd"",""data"":""0x70a0823100000000000000000000000049a5ea85e157e06d5cee0c6b44478dd1339ec6d1""},""latest""],""id"":43,""jsonrpc"":""2.0""}",1
"{""method"":""eth_call"",""params"":[{""to"":""0x00000000016c35e3613ad3ed484aa48f161b67fd"",""data"":""0x70a082310000000000000000000000004a600c569927a6bfc3815ed2c0c9216124b8c8a0""},""latest""],""id"":43,""jsonrpc"":""2.0""}",1
"{""method"":""eth_call"",""params"":[{""to"":""0x00000000016c35e3613ad3ed484aa48f161b67fd"",""data"":""0x70a082310000000000000000000000004f1b31cf06ced8814663473c64141596be36f6b9""},""latest""],""id"":43,""jsonrpc"":""2.0""}",1
"{""method"":""eth_call"",""params"":[{""to"":""0x00000000016c35e3613ad3ed484aa48f161b67fd"",""data"":""0x70a082310000000000000000000000005554ba8ab86975ab571efca4edfe50ef75cdf45f""},""latest""],""id"":43,""jsonrpc"":""2.0""}",1
"{""method"":""eth_call"",""params"":[{""to"":""0x00000000016c35e3613ad3ed484aa48f161b67fd"",""data"":""0x70a08231000000000000000000000000582179cfb4785c736460b0b140d6bf4ed103adab""},""latest""],""id"":43,""jsonrpc"":""2.0""}",1
"{""method"":""eth_call"",""params"":[{""to"":""0x00000000016c35e3613ad3ed484aa48f161b67fd"",""data"":""0x70a082310000000000000000000000005a918bf0b993e70db4d356a761dcdc1134f682b2""},""latest""],""id"":43,""jsonrpc"":""2.0""}",1
"{""method"":""eth_call"",""params"":[{""to"":""0x00000000016c35e3613ad3ed484aa48f161b67fd"",""data"":""0x70a082310000000000000000000000005b5f65a696db2ef88fe572e5a31b89152c6bf965""},""latest""],""id"":43,""jsonrpc"":""2.0""}",1
"{""method"":""eth_call"",""params"":[{""to"":""0x00000000016c35e3613ad3ed484aa48f161b67fd"",""data"":""0x70a0823100000000000000000000000060669ce32eeff7fe97e55e49a3a80551aba956da""},""latest""],""id"":43,""jsonrpc"":""2.0""}",1
"{""method"":""eth_call"",""params"":[{""to"":""0x00000000016c35e3613ad3ed484aa48f161b67fd"",""data"":""0x70a0823100000000000000000000000061138c73f8eb01ad088ca93d84b289f5ee4b0120""},""latest""],""id"":43,""jsonrpc"":""2.0""}",1
"{""method"":""eth_call"",""params"":[{""to"":""0x00000000016c35e3613ad3ed484aa48f161b67fd"",""data"":""0x70a08231000000000000000000000000624f475871364205d77f81eb0b5db3e68788eb98""},""latest""],""id"":43,""jsonrpc"":""2.0""}",1
"{""method"":""eth_call"",""params"":[{""to"":""0x00000000016c35e3613ad3ed484aa48f161b67fd"",""data"":""0x70a08231000000000000000000000000667884eeb8d2a19067782e9d89aec15f32a31c46""},""latest""],""id"":43,""jsonrpc"":""2.0""}",1
"{""method"":""eth_call"",""params"":[{""to"":""0x00000000016c35e3613ad3ed484aa48f161b67fd"",""data"":""0x70a0823100000000000000000000000067e1d1f93ed5177142e39ec897e5d104ee27af8e""},""latest""],""id"":43,""jsonrpc"":""2.0""}",1
"{""method"":""eth_call"",""params"":[{""to"":""0x00000000016c35e3613ad3ed484aa48f161b67fd"",""data"":""0x70a082310000000000000000000000007be90bf4712d53bd507b6e0c83e3bc6f89c96298""},""latest""],""id"":43,""jsonrpc"":""2.0""}",1
"{""method"":""eth_call"",""params"":[{""to"":""0x00000000016c35e3613ad3ed484aa48f161b67fd"",""data"":""0x70a082310000000000000000000000007ca4353f82ce8c1237698a1f9518f135f769b44a""},""latest""],""id"":43,""jsonrpc"":""2.0""}",1
"{""method"":""eth_call"",""params"":[{""to"":""0x00000000016c35e3613ad3ed484aa48f161b67fd"",""data"":""0x70a082310000000000000000000000007e78825a4d823924565aefe2f9756e232763a1dc""},""latest""],""id"":43,""jsonrpc"":""2.0""}",1
"{""method"":""eth_call"",""params"":[{""to"":""0x00000000016c35e3613ad3ed484aa48f161b67fd"",""data"":""0x70a082310000000000000000000000008f97cfcde5a7943c08e5d92d0b6142024b5d06b8""},""latest""],""id"":43,""jsonrpc"":""2.0""}",1
"{""method"":""eth_call"",""params"":[{""to"":""0x00000000016c35e3613ad3ed484aa48f161b67fd"",""data"":""0x70a0823100000000000000000000000090333d68908437a6a5666e8acdb99bfd4fc21fe9""},""latest""],""id"":43,""jsonrpc"":""2.0""}",1
"{""method"":""eth_call"",""params"":[{""to"":""0x00000000016c35e3613ad3ed484aa48f161b67fd"",""data"":""0x70a0823100000000000000000000000090396af62d0a43705da14aa138183fd308fdd4f2""},""latest""],""id"":43,""jsonrpc"":""2.0""}",1
"{""method"":""eth_call"",""params"":[{""to"":""0x00000000016c35e3613ad3ed484aa48f161b67fd"",""data"":""0x70a0823100000000000000000000000097c2b6867f1f87334b4521f0403e7d9d25cfd1b4""},""latest""],""id"":43,""jsonrpc"":""2.0""}",1
"{""method"":""eth_call"",""params"":[{""to"":""0x00000000016c35e3613ad3ed484aa48f161b67fd"",""data"":""0x70a082310000000000000000000000009a49d5a3f60351760be1e03cdaa2fe353a3aa574""},""latest""],""id"":43,""jsonrpc"":""2.0""}",1
"{""method"":""eth_call"",""params"":[{""to"":""0x00000000016c35e3613ad3ed484aa48f161b67fd"",""data"":""0x70a082310000000000000000000000009d0139b0f15261fcb701c79cb040087991f1d880""},""latest""],""id"":43,""jsonrpc"":""2.0""}",1
"{""method"":""eth_call"",""params"":[{""to"":""0x00000000016c35e3613ad3ed484aa48f161b67fd"",""data"":""0x70a082310000000000000000000000009db9a11bd146e8f39dc61246c357aaa10f2f2170""},""latest""],""id"":43,""jsonrpc"":""2.0""}",1
"{""method"":""eth_call"",""params"":[{""to"":""0x00000000016c35e3613ad3ed484aa48f161b67fd"",""data"":""0x70a08231000000000000000000000000a10aef39fe7ac2e4934a1da47693d3545b49a6bd""},""latest""],""id"":43,""jsonrpc"":""2.0""}",1
"{""method"":""eth_call"",""params"":[{""to"":""0x00000000016c35e3613ad3ed484aa48f161b67fd"",""data"":""0x70a08231000000000000000000000000a16138e563886ed2033b3399617fe10dcdf70743""},""latest""],""id"":43,""jsonrpc"":""2.0""}",1
"{""method"":""eth_call"",""params"":[{""to"":""0x00000000016c35e3613ad3ed484aa48f161b67fd"",""data"":""0x70a08231000000000000000000000000ad6833c1bd1f548768390c9c0d412b336d902e45""},""latest""],""id"":43,""jsonrpc"":""2.0""}",1
"{""method"":""eth_call"",""params"":[{""to"":""0x00000000016c35e3613ad3ed484aa48f161b67fd"",""data"":""0x70a08231000000000000000000000000b08e0952d7949dce108b12aa22baff2963748fc0""},""latest""],""id"":43,""jsonrpc"":""2.0""}",1
"{""method"":""eth_call"",""params"":[{""to"":""0x00000000016c35e3613ad3ed484aa48f161b67fd"",""data"":""0x70a08231000000000000000000000000b0cda395878c30b81e193e5bcc3a70a274287558""},""latest""],""id"":43,""jsonrpc"":""2.0""}",1
"{""method"":""eth_call"",""params"":[{""to"":""0x00000000016c35e3613ad3ed484aa48f161b67fd"",""data"":""0x70a08231000000000000000000000000b348e87548e4d5bdf86c8d8724a123f1a607ec5f""},""latest""],""id"":43,""jsonrpc"":""2.0""}",1
"{""method"":""eth_call"",""params"":[{""to"":""0x00000000016c35e3613ad3ed484aa48f161b67fd"",""data"":""0x70a08231000000000000000000000000b4522cf3c1e81bf9e506ec0f0dd793203946687c""},""latest""],""id"":43,""jsonrpc"":""2.0""}",1
"{""method"":""eth_call"",""params"":[{""to"":""0x00000000016c35e3613ad3ed484aa48f161b67fd"",""data"":""0x70a08231000000000000000000000000b88874ec3d5b04eb451d45b93c746b4404dc5461""},""latest""],""id"":43,""jsonrpc"":""2.0""}",1
"{""method"":""eth_call"",""params"":[{""to"":""0x00000000016c35e3613ad3ed484aa48f161b67fd"",""data"":""0x70a08231000000000000000000000000b965d0b8e74e3b96d87646cbff6774072c92a138""},""latest""],""id"":43,""jsonrpc"":""2.0""}",1
"{""method"":""eth_call"",""params"":[{""to"":""0x00000000016c35e3613ad3ed484aa48f161b67fd"",""data"":""0x70a08231000000000000000000000000c51db2b7b72e29ba19d97498cd10e6bec5b6a079""},""latest""],""id"":43,""jsonrpc"":""2.0""}",1
"{""method"":""eth_call"",""params"":[{""to"":""0x00000000016c35e3613ad3ed484aa48f161b67fd"",""data"":""0x70a08231000000000000000000000000c59aab90f063d98d2182e83d45a8c9ca4b774fa9""},""latest""],""id"":43,""jsonrpc"":""2.0""}",1
"{""method"":""eth_call"",""params"":[{""to"":""0x00000000016c35e3613ad3ed484aa48f161b67fd"",""data"":""0x70a08231000000000000000000000000c6cad6247e2765fbaa0be18c71be8dcf00548817""},""latest""],""id"":43,""jsonrpc"":""2.0""}",1
"{""method"":""eth_call"",""params"":[{""to"":""0x00000000016c35e3613ad3ed484aa48f161b67fd"",""data"":""0x70a08231000000000000000000000000c72e8827ee245b36785de3b276a3657a6baea452""},""latest""],""id"":43,""jsonrpc"":""2.0""}",1
"{""method"":""eth_call"",""params"":[{""to"":""0x00000000016c35e3613ad3ed484aa48f161b67fd"",""data"":""0x70a08231000000000000000000000000c7b8231ab28835d4047165e7c4acd65a81486988""},""latest""],""id"":43,""jsonrpc"":""2.0""}",1
"{""method"":""eth_call"",""params"":[{""to"":""0x00000000016c35e3613ad3ed484aa48f161b67fd"",""data"":""0x70a08231000000000000000000000000de7c31780adbecdd40e15d5268f02635bd48453d""},""latest""],""id"":43,""jsonrpc"":""2.0""}",1
"{""method"":""eth_call"",""params"":[{""to"":""0x00000000016c35e3613ad3ed484aa48f161b67fd"",""data"":""0x70a08231000000000000000000000000e5a81738dcb83cbc73440f331659f362294bb7f1""},""latest""],""id"":43,""jsonrpc"":""2.0""}",1
"{""method"":""eth_call"",""params"":[{""to"":""0x00000000016c35e3613ad3ed484aa48f161b67fd"",""data"":""0x70a08231000000000000000000000000e607815f91be6ed32f1a8f6b567b25823f8e0ecb""},""latest""],""id"":43,""jsonrpc"":""2.0""}",1
"{""method"":""eth_call"",""params"":[{""to"":""0x00000000016c35e3613ad3ed484aa48f161b67fd"",""data"":""0x70a08231000000000000000000000000e749c2574a4094a089afcd2b45ade9ffcc4c3b62""},""latest""],""id"":43,""jsonrpc"":""2.0""}",1
"{""method"":""eth_call"",""params"":[{""to"":""0x00000000016c35e3613ad3ed484aa48f161b67fd"",""data"":""0x70a08231000000000000000000000000e8c8ab33fc02a63605a2afd8c98fc6df398f23a7""},""latest""],""id"":43,""jsonrpc"":""2.0""}",1
"{""method"":""eth_call"",""params"":[{""to"":""0x00000000016c35e3613ad3ed484aa48f161b67fd"",""data"":""0x70a08231000000000000000000000000e9da366f008ac46a3701576c4741bbe8eda9007f""},""latest""],""id"":43,""jsonrpc"":""2.0""}",1
"{""method"":""eth_call"",""params"":[{""to"":""0x00000000016c35e3613ad3ed484aa48f161b67fd"",""data"":""0x70a08231000000000000000000000000ec055b86598b1c345ddb182d61710ef9aa2e7c20""},""latest""],""id"":43,""jsonrpc"":""2.0""}",1
"{""method"":""eth_call"",""params"":[{""to"":""0x00000000016c35e3613ad3ed484aa48f161b67fd"",""data"":""0x70a08231000000000000000000000000ed9e352babcacde446ce560a6a3451f81aa7cc3e""},""latest""],""id"":43,""jsonrpc"":""2.0""}",1
"{""method"":""eth_call"",""params"":[{""to"":""0x00000000016c35e3613ad3ed484aa48f161b67fd"",""data"":""0x70a08231000000000000000000000000eeceaa3e84c279878cbed903b0d72a4d3bf20785""},""latest""],""id"":43,""jsonrpc"":""2.0""}",1
"{""method"":""eth_call"",""params"":[{""to"":""0x00000000016c35e3613ad3ed484aa48f161b67fd"",""data"":""0x70a08231000000000000000000000000f396f80f5072c073b8964c92b716ea332a84b4f2""},""latest""],""id"":43,""jsonrpc"":""2.0""}",1
"{""method"":""eth_call"",""params"":[{""to"":""0x00000000016c35e3613ad3ed484aa48f161b67fd"",""data"":""0x70a08231000000000000000000000000f758fd6452578a26a4f6c122b625dc8d9ef0edcd""},""latest""],""id"":43,""jsonrpc"":""2.0""}",1
"{""method"":""eth_call"",""params"":[{""to"":""0x00000000016c35e3613ad3ed484aa48f161b67fd"",""data"":""0x70a08231000000000000000000000000f9323ac28ecc908dd9f1fc3846c7d8e435a64208""},""latest""],""id"":43,""jsonrpc"":""2.0""}",1
"{""method"":""eth_call"",""params"":[{""to"":""0x00000000016c35e3613ad3ed484aa48f161b67fd"",""data"":""0x70a08231000000000000000000000000ffda37d22ac79a435e9dc9a75d2db20cd4e7fb9c""},""latest""],""id"":43,""jsonrpc"":""2.0""}",1
"{""method"":""eth_call"",""params"":[{""to"":""0x0000000010c38b3d8b4d642d9d065fb69bc77bc7"",""data"":""0x4e1273f40000000000000000000000000000000000000000000000000000000000000040000000000000000000000000000000000000000000000000000000000000008000000000000000000000000000000000000000000000000000000000000000010000000000000000000000000bfd2d217688e157e7a5643bca22586a0586851500000000000000000000000000000000000000000000000000000000000000010000000000000000000000000000000000000000000000000000000000000001""},""latest""],""id",1
"{""method"":""eth_call"",""params"":[{""to"":""0x0000000010c38b3d8b4d642d9d065fb69bc77bc7"",""data"":""0x4e1273f40000000000000000000000000000000000000000000000000000000000000040000000000000000000000000000000000000000000000000000000000000008000000000000000000000000000000000000000000000000000000000000000010000000000000000000000001456aa2db8534800ee34b7e8ade04813322186cc00000000000000000000000000000000000000000000000000000000000000010000000000000000000000000000000000000000000000000000000000000001""},""latest""],""id",1
"{""method"":""eth_call"",""params"":[{""to"":""0x0000000010c38b3d8b4d642d9d065fb69bc77bc7"",""data"":""0x4e1273f400000000000000000000000000000000000000000000000000000000000000400000000000000000000000000000000000000000000000000000000000000080000000000000000000000000000000000000000000000000000000000000000100000000000000000000000017d88d334ad56218afe7032959debe99d94e0f8700000000000000000000000000000000000000000000000000000000000000010000000000000000000000000000000000000000000000000000000000000001""},""latest""],""id",1
"{""method"":""eth_call"",""params"":[{""to"":""0x0000000010c38b3d8b4d642d9d065fb69bc77bc7"",""data"":""0x4e1273f4000000000000000000000000000000000000000000000000000000000000004000000000000000000000000000000000000000000000000000000000000000800000000000000000000000000000000000000000000000000000000000000001000000000000000000000000187a8f38a7819154ddabb013847b53a1d0b4d2d400000000000000000000000000000000000000000000000000000000000000010000000000000000000000000000000000000000000000000000000000000001""},""latest""],""id",1
"{""method"":""eth_call"",""params"":[{""to"":""0x0000000010c38b3d8b4d642d9d065fb69bc77bc7"",""data"":""0x4e1273f40000000000000000000000000000000000000000000000000000000000000040000000000000000000000000000000000000000000000000000000000000008000000000000000000000000000000000000000000000000000000000000000010000000000000000000000001ab522a47bc052f6bcdbda80ed7e69240984892a00000000000000000000000000000000000000000000000000000000000000010000000000000000000000000000000000000000000000000000000000000001""},""latest""],""id",1
"{""method"":""eth_call"",""params"":[{""to"":""0x0000000010c38b3d8b4d642d9d065fb69bc77bc7"",""data"":""0x4e1273f4000000000000000000000000000000000000000000000000000000000000004000000000000000000000000000000000000000000000000000000000000000800000000000000000000000000000000000000000000000000000000000000001000000000000000000000000220f5cfbae7023ba58686b5fa8f26538bcde26e500000000000000000000000000000000000000000000000000000000000000010000000000000000000000000000000000000000000000000000000000000001""},""latest""],""id",1
"{""method"":""eth_call"",""params"":[{""to"":""0x0000000010c38b3d8b4d642d9d065fb69bc77bc7"",""data"":""0x4e1273f4000000000000000000000000000000000000000000000000000000000000004000000000000000000000000000000000000000000000000000000000000000800000000000000000000000000000000000000000000000000000000000000001000000000000000000000000247544a0024e8f7933fcba26f96c2085e4b9549e00000000000000000000000000000000000000000000000000000000000000010000000000000000000000000000000000000000000000000000000000000001""},""latest""],""id",1
"{""method"":""eth_call"",""params"":[{""to"":""0x0000000010c38b3d8b4d642d9d065fb69bc77bc7"",""data"":""0x4e1273f40000000000000000000000000000000000000000000000000000000000000040000000000000000000000000000000000000000000000000000000000000008000000000000000000000000000000000000000000000000000000000000000010000000000000000000000002ad0d9e4ab09d7e0351908654809ca794f5c33d500000000000000000000000000000000000000000000000000000000000000010000000000000000000000000000000000000000000000000000000000000001""},""latest""],""id",1
"{""method"":""eth_call"",""params"":[{""to"":""0x0000000010c38b3d8b4d642d9d065fb69bc77bc7"",""data"":""0x4e1273f40000000000000000000000000000000000000000000000000000000000000040000000000000000000000000000000000000000000000000000000000000008000000000000000000000000000000000000000000000000000000000000000010000000000000000000000002f35376c7639ae0a54375ad1f4cd95d8bc02cac000000000000000000000000000000000000000000000000000000000000000010000000000000000000000000000000000000000000000000000000000000001""},""latest""],""id",1